{
    "item": {
        "level_label": "Level"
    },
    "weapons_label": {
        "mp_weapon_3030": "3030リピーター",
        "mp_weapon_alternator_smg": "オルタネーター SMG",
        "mp_weapon_bow": "ボセックボウ",
        "mp_weapon_car": "C.A.R. SMG",
        "mp_weapon_defender": "チャージライフル",
        "mp_weapon_esaw": "ディヴォーション",
        "mp_weapon_shotgun": "EVA-8オート",
        "mp_weapon_g2": "G7スカウト",
        "mp_weapon_energy_ar": "ハボックライフル",
        "mp_weapon_hemlok": "ヘムロックバーストAR",
        "mp_weapon_sniper": "クレーバー.50",
        "mp_weapon_lstar": "L-STAR",
        "mp_weapon_dmr": "ロングボウDMR",
        "mp_weapon_lmg": "M600スピットファイア",
        "mp_weapon_mastiff": "マスティフ",
        "mp_weapon_shotgun_pistol": "モザンビーク",
        "mp_weapon_nemesis": "ネメシス",
        "mp_weapon_semipistol": "P2020",
        "mp_weapon_energy_shotgun": "ピースキーパー",
        "mp_weapon_pdw": "プラウラーバーストPDW",
        "mp_weapon_rspn101": "R-301カービン",
        "mp_weapon_r97": "R-99 SMG",
        "mp_weapon_autopistol": "RE-45オート",
        "mp_weapon_dragon_lmg": "ランページLMG",
        "mp_weapon_sentinel": "センチネル",
        "mp_weapon_doubletake": "トリプルテイク",
        "mp_weapon_vinson": "VK-47フラットライン",
        "mp_weapon_volt_smg": "ボルトSMG",
        "mp_weapon_wingman": "ウィングマン"
    },
    "items_label": {
        "mp_ability_void_ring": "ヒートシールド",
        "mp_ability_mobile_respawn_beacon": "モバイルリスポーンビーコン",
        "mp_ability_redeploy_balloon": "脱出タワー",
        "mp_weapon_grenade_emp": "アークスター",
        "mp_weapon_thermite_grenade": "テルミットグレネード",
        "mp_weapon_frag_grenade": "フラググレネード",
        "Shield Cell": "シールドセル",
        "Shield Battery": "シールドバッテリー",
        "Syringe": "注射器",
        "Med Kit": "医療キッド",
        "Phoenix Kit": "フェニックスキッド",
        "Ultimate Accelerant": "アルティメット促進剤",
        "Helmet": "ヘルメット",
        "Body Shield": "アーマー",
        "Knockdown Shield": "ノックダウンシールド",
        "Backpack": "バックパック",
        "bullet": "ヘビーアモ",
        "highcal": "ライトアモ",
        "shotgun": "ショットガンアモ",
        "sniper": "スナイパーアモ",
        "energy": "エネルギーアモ"
    },
    "legends_label": {
        "Bangalore": {
            "name": "バンガロール",
            "passive": "駆け足",
            "tactical": "スモークランチャー",
            "ultimate": "ローリングサンダー",
            "upgrade": {
                "1": {
                    "left": {
                        "name": "アルティメットクールダウン+",
                        "description": "アルティメットのクールダウンが60秒短縮する。"
                    },
                    "right": {
                        "name": "戦術クールダウン",
                        "description": "戦術アビリティのクールダウンが5秒短縮する。"
                    }
                },
                "2": {
                    "left": {
                        "name": "援護しろ",
                        "description": "駆け足を発動させた敵を自動でピンする。"
                    },
                    "right": {
                        "name": "レフュージ",
                        "description": "スモークの効果範囲内でHPが自動回復する。"
                    }
                }
            }
        },
        "Fuse": {
            "name": "ヒューズ",
            "passive": "グレネーダー",
            "tactical": "ナックルクラスター",
            "ultimate": "マザーロード",
            "upgrade": {
                "1": {
                    "left": {
                        "name": "リングマスター",
                        "description": "リングコンソールへのアクセスを獲得する。"
                    },
                    "right": {
                        "name": "スカーティッシュ",
                        "description": "マザーロードからのダメージを大幅に軽減し、スロウ効果を無視する。"
                    }
                },
                "2": {
                    "left": {
                        "name": "ナックルハスラー",
                        "description": "ナックルクラスター命中時に速度が短時間ブーストされる。"
                    },
                    "right": {
                        "name": "レックレス",
                        "description": "爆発ダメージを50%軽減する。"
                    }
                }
            }
        },
        "Ash": {
            "name": "アッシュ",
            "passive": "死の烙印",
            "tactical": "アークスネア",
            "ultimate": "フェーズティア",
            "upgrade": {
                "1": {
                    "left": {
                        "name": "殺人マシン",
                        "description": "部隊を壊滅させた後、150メートル以内の部隊数を特定する。"
                    },
                    "right": {
                        "name": "1分の生命",
                        "description": "パッシブでマップ上の敵の位置を60秒間追跡する。"
                    }
                },
                "2": {
                    "left": {
                        "name": "グリーディースネア",
                        "description": "アークスネアの効果時間が3倍になり、複数の敵を拘束できる。"
                    },
                    "right": {
                        "name": "ツインスネア",
                        "description": "アークスネアのチャージを1つ獲得する。"
                    }
                }
            }
        },
        "Mad Maggie": {
            "name": "マッドマギー",
            "passive": "ウォーロードの怒り",
            "tactical": "ライオットドリル",
            "ultimate": "レッカーボール",
            "upgrade": {
                "1": {
                    "left": {
                        "name": "ショット・ショット・ショット",
                        "description": "ノックダウン時にショットガンを自動リロード。"
                    },
                    "right": {
                        "name": "ファイアボール",
                        "description": "レッカーボールに火が付き、テルミットのように爆発する。"
                    }
                },
                "2": {
                    "left": {
                        "name": "ドリルスリンガー",
                        "description": "ライオットドリルを1チャージ獲得する。効果時間が25%短縮する。"
                    },
                    "right": {
                        "name": "ビッグドリル",
                        "description": "戦術アビリティの深さ・幅が50%増加する。"
                    }
                }
            }
        },
        "Ballistic": {
            "name": "バリスティック",
            "passive": "スリング",
            "tactical": "ウィスラー",
            "ultimate": "テンペスト",
            "upgrade": {
                "1": {
                    "left": {
                        "name": "持続バレット",
                        "description": "ウィスラーの効果時間が3倍になる。"
                    },
                    "right": {
                        "name": "スリングショット",
                        "description": "アップグレードを選ぶ度に、スリング武器がレベルアップ。"
                    }
                },
                "2": {
                    "left": {
                        "name": "追加バレット",
                        "description": "ウィスラーのチャージ回数が2倍になる。"
                    },
                    "right": {
                        "name": "スピーディー·ウィスラー",
                        "description": "ウィスラーが命中すると、短時間速度が上昇する。"
                    }
                }
            }
        },
        "Pathfinder": {
            "name": "パスファインダー",
            "passive": "内部情報",
            "tactical": "グラップリングフック",
            "ultimate": "ジップラインガン",
            "upgrade": {
                "1": {
                    "left": {
                        "name": "フィールドリサーチ",
                        "description": "調査ビーコンへのアクセスを獲得する。"
                    },
                    "right": {
                        "name": "リングマスター",
                        "description": "リングコンソールへのアクセスを獲得する。"
                    }
                },
                "2": {
                    "left": {
                        "name": "ダウンアンドアウェイ",
                        "description": "ノックダウン時にグラップルのクールダウンがリセットされる。"
                    },
                    "right": {
                        "name": "ジップラインゼン",
                        "description": "通電中のジップライン使用時に被ダメージが25%低下する。"
                    }
                }
            }
        },
        "Wraith": {
            "name": "レイス",
            "passive": "虚空からの声",
            "tactical": "虚空へ",
            "ultimate": "ディメンションリフト",
            "upgrade": {
                "1": {
                    "left": {
                        "name": "第6感",
                        "description": "近くの敵部隊数が増加するとパッシブが警告する。"
                    },
                    "right": {
                        "name": "アルティメットクールダウン+",
                        "description": "アルティメットのクールダウンが60秒短縮する。"
                    }
                },
                "2": {
                    "left": {
                        "name": "ファストフェーズ",
                        "description": "戦術アビリティ発動までの時間が20%短縮する。"
                    },
                    "right": {
                        "name": "戦術クールダウン",
                        "description": "戦術アビリティのクールダウンが5秒短縮する。"
                    }
                }
            }
        },
        "Octane": {
            "name": "オクタン",
            "passive": "高速修復",
            "tactical": "興奮剤",
            "ultimate": "ジャンプパッド",
            "upgrade": {
                "1": {
                    "left": {
                        "name": "ストロングスキン",
                        "description": "興奮剤で受けるダメージが5減少する。"
                    },
                    "right": {
                        "name": "マッドホップ",
                        "description": "ジャンプパッドの追加チャージを獲得する。"
                    }
                },
                "2": {
                    "left": {
                        "name": "ストロングスキン",
                        "description": "興奮剤で受けるダメージが5減少する。"
                    },
                    "right": {
                        "name": "エアボーンアジリティー",
                        "description": "ジャンプパッドのダブルジャンプで方向を変える。"
                    }
                }
            }
        },
        "Revenant": {
            "name": "レブナント",
            "passive": "アサシンの本能",
            "tactical": "シャドウパウンス",
            "ultimate": "フォージシャドウ",
            "upgrade": {
                "1": {
                    "left": {
                        "name": "アルティメットクールダウン",
                        "description": "アルティメットのクールダウンが30秒短縮する。"
                    },
                    "right": {
                        "name": "殺人マシン",
                        "description": "部隊を壊滅させた後、150メートル以内の部隊数を特定する。"
                    }
                },
                "2": {
                    "left": {
                        "name": "戦術クールダウン",
                        "description": "戦術アビリティのクールダウンが5秒短縮する。"
                    },
                    "right": {
                        "name": "グリムリーパー",
                        "description": "ノック時にシャドウパウンスのクールダウンがリセットされる。"
                    }
                }
            }
        },
        "Horizon": {
            "name": "ホライゾン",
            "passive": "スペースウォーク",
            "tactical": "グラビティリフト",
            "ultimate": "ブラックホール",
            "upgrade": {
                "1": {
                    "left": {
                        "name": "バットパック",
                        "description": "シールドバッテリーのスタック上限が1増加し、デスボックスにシールドバッテリーの数が表示される。"
                    },
                    "right": {
                        "name": "ビッグバン",
                        "description": "デスボックスや壁の向こう側にある近くの軍需品を確認する。"
                    }
                },
                "2": {
                    "left": {
                        "name": "戦術クールダウン",
                        "description": "戦術アビリティのクールダウンが5秒短縮する。"
                    },
                    "right": {
                        "name": "アルティメットクールダウン",
                        "description": "アルティメットのクールダウンが30秒短縮する。"
                    }
                }
            }
        },
        "Alter": {
            "name": "オルター",
            "passive": "リフトの贈り物",
            "tactical": "ヴォイドパッセージ",
            "ultimate": "ヴォイドネクサス",
            "upgrade": {
                "1": {
                    "left": {
                        "name": "戦術クールダウン+",
                        "description": "戦術アビリティのクールダウンが10秒短縮する。"
                    },
                    "right": {
                        "name": "リングマスター",
                        "description": "リングコンソールへのアクセスを獲得する。"
                    }
                },
                "2": {
                    "left": {
                        "name": "ヴォイドビジョン",
                        "description": "戦術アビリティ使用後もハイライト表示が継続され、体力ゲージが表示される。"
                    },
                    "right": {
                        "name": "多次元",
                        "description": "2回目のアルティメットのチャージを付与し、ヴォイドネクサスを2つ同時に出現させることができる。"
                    }
                }
            }
        },
        "Bloodhound": {
            "name": "ブラッドハウンド",
            "passive": "トラッカー",
            "tactical": "全能の目",
            "ultimate": "ハンティングビースト",
            "upgrade": {
                "1": {
                    "left": {
                        "name": "オーディンの視線",
                        "description": "戦術アビリティによる全身のハイライト持続時間が2倍になる。"
                    },
                    "right": {
                        "name": "カラスの祝福",
                        "description": "白いカラス起動時にアルティメットを20%チャージする。"
                    }
                },
                "2": {
                    "left": {
                        "name": "サイトハウンド",
                        "description": "アルティメット発動中、戦術アビリティのクールダウンが50%減少する。"
                    },
                    "right": {
                        "name": "群れ",
                        "description": "白いカラスがスポーンする際の敵の射程距離要件を削除。"
                    }
                }
            }
        },
        "Crypto": {
            "name": "クリプト",
            "passive": "ニューロリンク",
            "tactical": "スパイドローン",
            "ultimate": "ドローンEMP",
            "upgrade": {
                "1": {
                    "left": {
                        "name": "ネットワークエクスパンション",
                        "description": "ニューロリンクとEMPの効果範囲が25%拡大する。"
                    },
                    "right": {
                        "name": "オフ·ザ·グリッド",
                        "description": "ドローン利用時にクリプトがクローク状態になる。"
                    }
                },
                "2": {
                    "left": {
                        "name": "サテライトイメージ",
                        "description": "ドローンのスキャンが1.5秒継続する。アルティメットがターゲットに命中すると短時間のスキャンが実行される。"
                    },
                    "right": {
                        "name": "ハッカソン",
                        "description": "ドローンのリチャージ速度が上昇し、EMPまたは破壊時の爆発で移動速度をブーストする。"
                    }
                }
            }
        },
        "Valkyrie": {
            "name": "ヴァルキリー",
            "passive": "VTOLジェット",
            "tactical": "ミサイルスワーム",
            "ultimate": "スカイハイダイブ",
            "upgrade": {
                "1": {
                    "left": {
                        "name": "アフターバーナー",
                        "description": "スカイハイダイブの高度が15%上昇する。"
                    },
                    "right": {
                        "name": "フルカバー",
                        "description": "戦術アビリティのクールダウンが5秒短縮し、ミサイルスワームのパターンが4×3から3×5に切り替わる。"
                    }
                },
                "2": {
                    "left": {
                        "name": "フルタンク",
                        "description": "ジェットパックの燃料が25%増加し、燃料補給の遅延を大幅に削減する。"
                    },
                    "right": {
                        "name": "アイズ·イン·ザ·スカイ",
                        "description": "スカイダイブ中により遠くから、壁越しに敵の位置が明らかになる。"
                    }
                }
            }
        },
        "Seer": {
            "name": "シア",
            "passive": "ハートシーカー",
            "tactical": "フォーカス·オブ·アテンション",
            "ultimate": "ショーケース",
            "upgrade": {
                "1": {
                    "left": {
                        "name": "アーティストリーチ",
                        "description": "アルティメットの投てき範囲が20メートル増加する。"
                    },
                    "right": {
                        "name": "アルティメットクールダウン",
                        "description": "アルティメットのクールダウンが20%短縮する。"
                    }
                },
                "2": {
                    "left": {
                        "name": "ロングビュー",
                        "description": "パッシブと戦術アビリティの範囲が75メートルに拡大する。"
                    },
                    "right": {
                        "name": "スプリットフォーカス",
                        "description": "フォーカス·オブ·アテンションのチャージを獲得する。サイレンス時間が50%減少する。"
                    }
                }
            }
        },
        "Vantage": {
            "name": "ヴァンテージ",
            "passive": "スポッターレンズ",
            "tactical": "エコー配置",
            "ultimate": "スナイパーズマーク",
            "upgrade": {
                "1": {
                    "left": {
                        "name": "リングマスター",
                        "description": "リングコンソールへのアクセスを獲得する。"
                    },
                    "right": {
                        "name": "アルティメットリロード",
                        "description": "アルティメット促進剤でさらに弾丸を2発付与し、速度が2倍になる。"
                    }
                },
                "2": {
                    "left": {
                        "name": "バットバウンス",
                        "description": "戦術アビリティのダブルジャンプを改善する。"
                    },
                    "right": {
                        "name": "シャープシューター",
                        "description": "アルティメット命中時に戦術アビリティがリフレッシュされる。"
                    }
                }
            }
        },
        "Gibraltar": {
            "name": "ジブラルタル",
            "passive": "ガンシールド",
            "tactical": "プロテクトドーム",
            "ultimate": "防衛爆撃",
            "upgrade": {
                "1": {
                    "left": {
                        "name": "ビッグブラザー",
                        "description": "アルティメットの効果半径が20%拡大する。"
                    },
                    "right": {
                        "name": "ファストショッティ",
                        "description": "ショットガンを使うと移動速度が速くなり、ノックダウン時にショットガンが自動でリロードされます。"
                    }
                },
                "2": {
                    "left": {
                        "name": "ベイビーバブル",
                        "description": "戦術アビリティの範囲とクールダウンが25%減少する。"
                    },
                    "right": {
                        "name": "バブルバンカー",
                        "description": "戦術アビリティの効果時間が4秒増加する。"
                    }
                }
            }
        },
        "Lifeline": {
            "name": "ライフライン",
            "passive": "コンバットグライド",
            "tactical": "D.O.C.ヒールドローン",
            "ultimate": "D.O.C.ヘイロー",
            "upgrade": {
                "1": {
                    "left": {
                        "name": "エクステンデッドフライト",
                        "description": "D.O.C.で滑空できる時間が1.5秒長くなる。"
                    },
                    "right": {
                        "name": "バットパック",
                        "description": "シールドバッテリーのスタック上限が1増加し、デスボックスにシールドバッテリーの数が表示される。"
                    }
                },
                "2": {
                    "left": {
                        "name": "エンハンスドラジオ",
                        "description": "D.O.C.に指示を送れる距離が50%増加する。"
                    },
                    "right": {
                        "name": "戦術クールダウン+",
                        "description": "戦術アビリティのクールダウンが10秒短縮する。"
                    }
                }
            }
        },
        "Mirage": {
            "name": "ミラージュ",
            "passive": "神出鬼没",
            "tactical": "サイクアウト",
            "ultimate": "パーティーライフ",
            "upgrade": {
                "1": {
                    "left": {
                        "name": "ルネッサンスマン",
                        "description": "調査ビーコン、リングコンソール、軍需物資ボックスを使用でき、ケアパッケージをスキャンできる。ミー·トウーデコイのチャージを1つ獲得する(同時に両方を起動可能)。"
                    },
                    "right": {
                        "name": "ブーズルアイ",
                        "description": "偽装が成功すると、敵を短時間ハイライト表示する。"
                    }
                },
                "2": {
                    "left": {
                        "name": "ミー・トゥー",
                        "description": "デコイのチャージを1つ獲得する(同時に両方を起動可能)。"
                    },
                    "right": {
                        "name": "偽装ボーナス",
                        "description": "偽装の成功時に戦術アビリティがリフレッシュされる。"
                    }
                }
            }
        },
        "Loba": {
            "name": "ローバ",
            "passive": "アイフォークオリティ",
            "tactical": "盗賊の相棒",
            "ultimate": "ブラックマーケット",
            "upgrade": {
                "1": {
                    "left": {
                        "name": "ウルフクロー",
                        "description": "テレポート後に武器を構える速度と移動速度が上昇する。"
                    },
                    "right": {
                        "name": "爆買い",
                        "description": "部隊がブラックマーケットから追加でアイテムを受け取ることができる。"
                    }
                },
                "2": {
                    "left": {
                        "name": "エスケープアーティスト",
                        "description": "テレポート後に、シールドが自動で50回復する。"
                    },
                    "right": {
                        "name": "ブランニューバッグ",
                        "description": "アップグレードを選択すると、部隊全体に金のバックパックが付与される。"
                    }
                }
            }
        },
        "Newcastle": {
            "name": "ニューキャッスル",
            "passive": "傷兵警護",
            "tactical": "モバイルプロテクター",
            "ultimate": "キャッスルウォール",
            "upgrade": {
                "1": {
                    "left": {
                        "name": "ヒーローハッスル",
                        "description": "味方を復活させる時の移動速度が上昇する。"
                    },
                    "right": {
                        "name": "スイフトシールド",
                        "description": "モバイルプロテクターの速度が武器スプリントの速度まで上昇し、クールダウンが8秒短縮する。"
                    }
                },
                "2": {
                    "left": {
                        "name": "究極の救世主",
                        "description": "キャッスルウォールを叩きつけると、15秒間、範囲内の味方全員に対してシールドの自動回復が付与される。"
                    },
                    "right": {
                        "name": "ストロングホールド",
                        "description": "キャッスルウォールのHPが500増加し、エネルギーバリケードの効果時間が3分に増加する。"
                    }
                }
            }
        },
        "Conduit": {
            "name": "コンジット",
            "passive": "セイバースピード",
            "tactical": "レイディアントトランスファー",
            "ultimate": "エネルギーバリケード",
            "upgrade": {
                "1": {
                    "left": {
                        "name": "バットパック",
                        "description": "シールドバッテリーのスタック上限が1増加し、デスボックスにシールドバッテリーの数が表示される。"
                    },
                    "right": {
                        "name": "ビガージャム",
                        "description": "各アルティメットジャマーのダメージ半径が10%拡大する。"
                    }
                },
                "2": {
                    "left": {
                        "name": "スプリットチャージ",
                        "description": "シールド回復時間が半減するが、戦術アビリティがチャージされる。"
                    },
                    "right": {
                        "name": "レイディアントトランスファー",
                        "description": "戦術アビリティの範囲が10メートル拡大する。"
                    }
                }
            }
        },
        "Caustic": {
            "name": "コースティック",
            "passive": "NOXピジョン",
            "tactical": "NOXガストラップ",
            "ultimate": "NOXガスグレネード",
            "upgrade": {
                "1": {
                    "left": {
                        "name": "パラボリックフォース",
                        "description": "戦術アビリティの投てき範囲が75%拡大する。"
                    },
                    "right": {
                        "name": "残留毒素",
                        "description": "Noxビジョンがさらに長く持続する。"
                    }
                },
                "2": {
                    "left": {
                        "name": "パーティクルディフューザー",
                        "description": "アルティメットの効果範囲が50%増加する。"
                    },
                    "right": {
                        "name": "吸いこんでみろ",
                        "description": "Noxガスに包まれる間、HPが自動回復する。"
                    }
                }
            }
        },
        "Wattson": {
            "name": "ワットソン",
            "passive": "天才のひらめき",
            "tactical": "周辺セキュリティ",
            "ultimate": "インターセプターパイロン",
            "upgrade": {
                "1": {
                    "left": {
                        "name": "復活の達人",
                        "description": "味方を素早く復活させ、体力の自動回復を付与して全回復させる。"
                    },
                    "right": {
                        "name": "フォーリングスター",
                        "description": "パイロンが軍需品などを破壊した際にアークスターが生成される。"
                    }
                },
                "2": {
                    "left": {
                        "name": "パワーパイロン",
                        "description": "アルティメットのHPと設置したアルティメットのチャージ回復が2倍になる。"
                    },
                    "right": {
                        "name": "非常用電源",
                        "description": "アルティメットの最大チャージ速度とシールドのリチャージ速度が2倍。"
                    }
                }
            }
        },
        "Rampart": {
            "name": "ランパート",
            "passive": "改造ローダー",
            "tactical": "増幅バリケード",
            "ultimate": "モバイルミニガン「シーラ」",
            "upgrade": {
                "1": {
                    "left": {
                        "name": "アルティメットクールダウン",
                        "description": "アルティメットのクールダウンが30秒短縮する。"
                    },
                    "right": {
                        "name": "バンダリア",
                        "description": "スタックごとに追加の弾薬を携行する。"
                    }
                },
                "2": {
                    "left": {
                        "name": "ランプアップ",
                        "description": "モバイルシーラの取り回しとスピンアップ時間が20%改善する。"
                    },
                    "right": {
                        "name": "増幅リロード",
                        "description": "シーラ使用時、もしくは増幅バリケードの裏にいる際にリロードが速くなる。"
                    }
                }
            }
        },
        "Catalyst": {
            "name": "カタリスト",
            "passive": "レインフォース",
            "tactical": "スパイクストリップ",
            "ultimate": "フェロバリケード",
            "upgrade": {
                "1": {
                    "left": {
                        "name": "シスタースパイク",
                        "description": "展開可能ストリップの最大数が1増加する。"
                    },
                    "right": {
                        "name": "ロングベール",
                        "description": "アルティメットの長さが15メートル増加する。"
                    }
                },
                "2": {
                    "left": {
                        "name": "フェロドア",
                        "description": "破壊されたドアを修復・強化する。"
                    },
                    "right": {
                        "name": "レジリエントベール",
                        "description": "アルティメットの効果時間が5秒増加する。"
                    }
                }
            }
        }
    }
}